Created At,Tweet Id,Text,lang,retweet_count,like_count,author_id,source,context_annotations,geo
2023-10-16 17:25:08+00:00,1713969335998284104,"@s_mossawi @fcbayern_2 Yes they are terrorists that are using its own citizens as shields so they can blame israel for innocent victims.

Why dont they enter Gaza the first day? That would have been a massacre with many more victims. Israel wants civilians to evacuate first.",en,0,0,1386656952,,"[{'domain': {'id': '12', 'name': 'Sports Team', 'description': 'A sports team organization, like Arsenal and the Boston Celtics'}, 'entity': {'id': '731226192859172864', 'name': 'FC Bayern Munich'}}, {'domain': {'id': '29', 'name': 'Events [Entity Service]', 'description': 'Real world events. '}, 'entity': {'id': '1710867603760070656', 'name': 'Israel-Gaza Conflict'}}, {'domain': {'id': '46', 'name': 'Business Taxonomy', 'description': 'Categories within Brand Verticals that narrow down the scope of Brands'}, 'entity': {'id': '1557697289971322880', 'name': 'Sports & Fitness Business', 'description': 'Brands, companies, advertisers and every non-person handle with the profit intent related to sports nutrition, athletic apparel, sports apps, fitness venues'}}, {'domain': {'id': '131', 'name': 'Unified Twitter Taxonomy', 'description': 'A taxonomy of user interests. '}, 'entity': {'id': '731226192859172864', 'name': 'FC Bayern Munich'}}, {'domain': {'id': '131', 'name': 'Unified Twitter Taxonomy', 'description': 'A taxonomy of user interests. '}, 'entity': {'id': '733756536430809088', 'name': 'Soccer'}}, {'domain': {'id': '131', 'name': 'Unified Twitter Taxonomy', 'description': 'A taxonomy of user interests. '}, 'entity': {'id': '847543836330958848', 'name': 'Global security & terrorism', 'description': 'Global conversation about threats of terrorism, response of governments, and national security  '}}, {'domain': {'id': '131', 'name': 'Unified Twitter Taxonomy', 'description': 'A taxonomy of user interests. '}, 'entity': {'id': '847878884917886977', 'name': 'Politics', 'description': 'Politics'}}, {'domain': {'id': '131', 'name': 'Unified Twitter Taxonomy', 'description': 'A taxonomy of user interests. '}, 'entity': {'id': '847900493514891265', 'name': 'Sports', 'description': 'Sports'}}, {'domain': {'id': '131', 'name': 'Unified Twitter Taxonomy', 'description': 'A taxonomy of user interests. '}, 'entity': {'id': '900740740468191232', 'name': 'Political issues', 'description': 'Political issues'}}, {'domain': {'id': '131', 'name': 'Unified Twitter Taxonomy', 'description': 'A taxonomy of user interests. '}, 'entity': {'id': '1046545033657081857', 'name': 'News', 'description': 'News'}}]",
2023-10-16 17:25:08+00:00,1713969335944003967,"@IsraelWarRoom ""Darkness cannot drive out darkness; only light can do that. Hate cannot drive out hate; only love can do that."" - Martin Luther King Jr.  #IsraelGazaWar #Bitcoin #PalestineGenocide #IsrealPalestineconflict #SpiderMan2PS5 #Gaza",en,0,0,1944673652,,"[{'domain': {'id': '10', 'name': 'Person', 'description': 'Named people in the world like Nelson Mandela'}, 'entity': {'id': '952913296046215169', 'name': 'Martin Luther King Jr.', 'description': 'Martin Luther King'}}, {'domain': {'id': '29', 'name': 'Events [Entity Service]', 'description': 'Real world events. '}, 'entity': {'id': '1710867603760070656', 'name': 'Israel-Gaza Conflict'}}, {'domain': {'id': '35', 'name': 'Politician', 'description': 'Politicians in the world, like Joe Biden'}, 'entity': {'id': '952913296046215169', 'name': 'Martin Luther King Jr.', 'description': 'Martin Luther King'}}, {'domain': {'id': '46', 'name': 'Business Taxonomy', 'description': 'Categories within Brand Verticals that narrow down the scope of Brands'}, 'entity': {'id': '1557696848252391426', 'name': 'Financial Services Business', 'description': 'Brands, companies, advertisers and every non-person handle with the profit intent related to Banks, Credit cards, Insurance, Investments, Stocks '}}, {'domain': {'id': '30', 'name': 'Entities [Entity Service]', 'description': 'Entity Service top level domain, every item that is in Entity Service should be in this domain'}, 'entity': {'id': '1007360414114435072', 'name': 'Bitcoin cryptocurrency', 'description': 'Bitcoin Cryptocurrency'}}, {'domain': {'id': '66', 'name': 'Interests and Hobbies Category', 'description': 'A grouping of interests and hobbies entities, like Novelty Food or Destinations'}, 'entity': {'id': '913142676819648512', 'name': 'Cryptocurrencies', 'description': 'Cryptocurrency'}}, {'domain': {'id': '131', 'name': 'Unified Twitter Taxonomy', 'description': 'A taxonomy of user interests. '}, 'entity': {'id': '847878884917886977', 'name': 'Politics', 'description': 'Politics'}}, {'domain': {'id': '131', 'name': 'Unified Twitter Taxonomy', 'description': 'A taxonomy of user interests. '}, 'entity': {'id': '913142676819648512', 'name': 'Cryptocurrencies', 'description': 'Cryptocurrency'}}, {'domain': {'id': '131', 'name': 'Unified Twitter Taxonomy', 'description': 'A taxonomy of user interests. '}, 'entity': {'id': '952913296046215169', 'name': 'Martin Luther King Jr.', 'description': 'Martin Luther King'}}, {'domain': {'id': '131', 'name': 'Unified Twitter Taxonomy', 'description': 'A taxonomy of user interests. '}, 'entity': {'id': '1007360414114435072', 'name': 'Bitcoin cryptocurrency', 'description': 'Bitcoin Cryptocurrency'}}, {'domain': {'id': '131', 'name': 'Unified Twitter Taxonomy', 'description': 'A taxonomy of user interests. '}, 'entity': {'id': '1046545033657081857', 'name': 'News', 'description': 'News'}}, {'domain': {'id': '131', 'name': 'Unified Twitter Taxonomy', 'description': 'A taxonomy of user interests. '}, 'entity': {'id': '1070032753834438656', 'name': 'Political figures', 'description': 'Politician'}}, {'domain': {'id': '131', 'name': 'Unified Twitter Taxonomy', 'description': 'A taxonomy of user interests. '}, 'entity': {'id': '1484181943616884743', 'name': 'Cryptocoins'}}, {'domain': {'id': '131', 'name': 'Unified Twitter Taxonomy', 'description': 'A taxonomy of user interests. '}, 'entity': {'id': '1491481998862348291', 'name': 'Digital asset industry'}}, {'domain': {'id': '131', 'name': 'Unified Twitter Taxonomy', 'description': 'A taxonomy of user interests. '}, 'entity': {'id': '1492162686204854274', 'name': 'Digital assets & cryptocurrency', 'description': 'Cryptocurrency'}}, {'domain': {'id': '174', 'name': 'Digital Assets & Crypto', 'description': 'For cryptocurrency entities'}, 'entity': {'id': '1007360414114435072', 'name': 'Bitcoin cryptocurrency', 'description': 'Bitcoin Cryptocurrency'}}]",
2023-10-16 17:25:08+00:00,1713969335868223889,"We‚Äôve invited people that hates us and our style of living!

OUR KIDS WILL HATE US FOR ALLOWING THIS MASS MIGRATION OF PEOPLE WHO WANT THE ‚ÄúJUDEO-CHRISTIAN‚Äù WEST DESTROYED!!!

#Gaza #Palestine #Iran #Qatar #Syria #Lebanon #Palestinians

Italy üáÆüáπ üîªüîªüîª https://t.co/ZZn3kFKKg8",en,0,0,31471559,,"[{'domain': {'id': '29', 'name': 'Events [Entity Service]', 'description': 'Real world events. '}, 'entity': {'id': '1710867603760070656', 'name': 'Israel-Gaza Conflict'}}, {'domain': {'id': '131', 'name': 'Unified Twitter Taxonomy', 'description': 'A taxonomy of user interests. '}, 'entity': {'id': '1046545033657081857', 'name': 'News', 'description': 'News'}}]",
2023-10-16 17:25:07+00:00,1713969334421229884,"If anyone wants to help civilians in Gaza at the moment I recommend throwing some money at MSF who still have a presence there. ü§û that the aid convoy held outside the border with Egypt will be let through soon along with some people in blue helmets.
https://t.co/WjGYFTjJon",en,0,0,19598432,,"[{'domain': {'id': '29', 'name': 'Events [Entity Service]', 'description': 'Real world events. '}, 'entity': {'id': '1710867603760070656', 'name': 'Israel-Gaza Conflict'}}, {'domain': {'id': '131', 'name': 'Unified Twitter Taxonomy', 'description': 'A taxonomy of user interests. '}, 'entity': {'id': '1046545033657081857', 'name': 'News', 'description': 'News'}}]",
2023-10-16 17:25:07+00:00,1713969333880115505,"@CznBurak UNRWA said in a statement that Gaza residents are drinking contaminated water due to the water shortage, and that drinking water supply stations are out of service!

Bring aid to Gaza!

#GazaUnderAttack
#GazaGenocide",en,0,0,1543958184498548741,,"[{'domain': {'id': '29', 'name': 'Events [Entity Service]', 'description': 'Real world events. '}, 'entity': {'id': '1710867603760070656', 'name': 'Israel-Gaza Conflict'}}, {'domain': {'id': '46', 'name': 'Business Taxonomy', 'description': 'Categories within Brand Verticals that narrow down the scope of Brands'}, 'entity': {'id': '1557696888568045569', 'name': 'Food & Beverage Business', 'description': 'Brands, companies, advertisers and every non-person handle with the profit intent and related to foods & beverages such as snacks, soft drinks, beers.'}}, {'domain': {'id': '30', 'name': 'Entities [Entity Service]', 'description': 'Entity Service top level domain, every item that is in Entity Service should be in this domain'}, 'entity': {'id': '825047692124442624', 'name': 'Food', 'description': 'Food'}}, {'domain': {'id': '65', 'name': 'Interests and Hobbies Vertical', 'description': 'Top level interests and hobbies groupings, like Food or Travel'}, 'entity': {'id': '834828264786898945', 'name': 'Drinks', 'description': 'Drinks'}}, {'domain': {'id': '66', 'name': 'Interests and Hobbies Category', 'description': 'A grouping of interests and hobbies entities, like Novelty Food or Destinations'}, 'entity': {'id': '834828445238431744', 'name': 'Generic Drinks', 'description': 'Generic Drinks'}}, {'domain': {'id': '67', 'name': 'Interests and Hobbies', 'description': 'Interests, opinions, and behaviors of individuals, groups, or cultures; like Speciality Cooking or Theme Parks'}, 'entity': {'id': '850146068683571201', 'name': 'Water', 'description': 'Water'}}, {'domain': {'id': '67', 'name': 'Interests and Hobbies', 'description': 'Interests, opinions, and behaviors of individuals, groups, or cultures; like Speciality Cooking or Theme Parks'}, 'entity': {'id': '1006278636842782720', 'name': 'Drink Experience', 'description': 'Drink Experience'}}, {'domain': {'id': '69', 'name': 'News Vertical', 'description': 'News Categories like Entertainment or Technology'}, 'entity': {'id': '840159122012102656', 'name': 'Political News', 'description': 'Political News'}}, {'domain': {'id': '131', 'name': 'Unified Twitter Taxonomy', 'description': 'A taxonomy of user interests. '}, 'entity': {'id': '834828264786898945', 'name': 'Drinks', 'description': 'Drinks'}}, {'domain': {'id': '131', 'name': 'Unified Twitter Taxonomy', 'description': 'A taxonomy of user interests. '}, 'entity': {'id': '850146068683571201', 'name': 'Water', 'description': 'Water'}}, {'domain': {'id': '131', 'name': 'Unified Twitter Taxonomy', 'description': 'A taxonomy of user interests. '}, 'entity': {'id': '1046545033657081857', 'name': 'News', 'description': 'News'}}]",
2023-10-16 17:25:07+00:00,1713969333788131693,"@POTUS Approximately 1000 children of Gaza are killed in air strikes, we are humans and must have love for all humans. When I supported Ukraine because they are also the same humans. 
I love all humans  
I am proud Muslim, means a hypocrite can deceive but an open minded Muslim can't",en,0,0,1235444591106482177,,"[{'domain': {'id': '10', 'name': 'Person', 'description': 'Named people in the world like Nelson Mandela'}, 'entity': {'id': '10040395078', 'name': 'Joe Biden', 'description': 'US President Joe Biden'}}, {'domain': {'id': '29', 'name': 'Events [Entity Service]', 'description': 'Real world events. '}, 'entity': {'id': '1710867603760070656', 'name': 'Israel-Gaza Conflict'}}, {'domain': {'id': '35', 'name': 'Politician', 'description': 'Politicians in the world, like Joe Biden'}, 'entity': {'id': '10040395078', 'name': 'Joe Biden', 'description': 'US President Joe Biden'}}, {'domain': {'id': '131', 'name': 'Unified Twitter Taxonomy', 'description': 'A taxonomy of user interests. '}, 'entity': {'id': '10040395078', 'name': 'Joe Biden', 'description': 'US President Joe Biden'}}, {'domain': {'id': '131', 'name': 'Unified Twitter Taxonomy', 'description': 'A taxonomy of user interests. '}, 'entity': {'id': '847878884917886977', 'name': 'Politics', 'description': 'Politics'}}, {'domain': {'id': '131', 'name': 'Unified Twitter Taxonomy', 'description': 'A taxonomy of user interests. '}, 'entity': {'id': '1046545033657081857', 'name': 'News', 'description': 'News'}}, {'domain': {'id': '131', 'name': 'Unified Twitter Taxonomy', 'description': 'A taxonomy of user interests. '}, 'entity': {'id': '1070032753834438656', 'name': 'Political figures', 'description': 'Politician'}}]",
2023-10-16 17:25:07+00:00,1713969333003501582,"We will not believe in humanity, and we will not believe anyone who calls for humanity, because *Israel* is brutally https://t.co/24I56FqvD6 thousands of children and women in https://t.co/2R7WrpYDSa

#Gaza #PalestineGenocide üáµüá∏üáµüá∏",en,0,0,1425411021779374082,,"[{'domain': {'id': '29', 'name': 'Events [Entity Service]', 'description': 'Real world events. '}, 'entity': {'id': '1710867603760070656', 'name': 'Israel-Gaza Conflict'}}, {'domain': {'id': '131', 'name': 'Unified Twitter Taxonomy', 'description': 'A taxonomy of user interests. '}, 'entity': {'id': '1046545033657081857', 'name': 'News', 'description': 'News'}}]",
2023-10-16 17:25:07+00:00,1713969332840186229,@TheEconomist The Occupants of Nazi Concentration camps like Auschwitz and Krakow had access to:-Water-Barracks for prayers-electricity-threes-sanitation-kitchen-cremation-schools- Hospitals Heat-Teather Cinemas-Sewage.ConcentrationCamps built by Jews in Gaza has NONE,en,0,0,1712250539831160832,,"[{'domain': {'id': '29', 'name': 'Events [Entity Service]', 'description': 'Real world events. '}, 'entity': {'id': '1710867603760070656', 'name': 'Israel-Gaza Conflict'}}, {'domain': {'id': '69', 'name': 'News Vertical', 'description': 'News Categories like Entertainment or Technology'}, 'entity': {'id': '1046545033657081857', 'name': 'News', 'description': 'News'}}, {'domain': {'id': '69', 'name': 'News Vertical', 'description': 'News Categories like Entertainment or Technology'}, 'entity': {'id': '1585285924069335040', 'name': 'Business & finance news'}}, {'domain': {'id': '131', 'name': 'Unified Twitter Taxonomy', 'description': 'A taxonomy of user interests. '}, 'entity': {'id': '1046545033657081857', 'name': 'News', 'description': 'News'}}, {'domain': {'id': '131', 'name': 'Unified Twitter Taxonomy', 'description': 'A taxonomy of user interests. '}, 'entity': {'id': '1585285924069335040', 'name': 'Business & finance news'}}, {'domain': {'id': '47', 'name': 'Brand', 'description': 'Brands and Companies'}, 'entity': {'id': '10040667273', 'name': 'The Economist'}}]",
2023-10-16 17:25:07+00:00,1713969331892084992,When you try equating the Gaza Strip to Auschwitz‚Ä¶‚Ä¶ https://t.co/yip6MIppbL,en,0,0,418463502,,"[{'domain': {'id': '29', 'name': 'Events [Entity Service]', 'description': 'Real world events. '}, 'entity': {'id': '1710867603760070656', 'name': 'Israel-Gaza Conflict'}}, {'domain': {'id': '131', 'name': 'Unified Twitter Taxonomy', 'description': 'A taxonomy of user interests. '}, 'entity': {'id': '1046545033657081857', 'name': 'News', 'description': 'News'}}]",
2023-10-16 17:25:07+00:00,1713969331711746085,"@birmingham_live Should Isreal besize Gaza &amp; use her IDF to bomb &amp; occupy Gaza?
Answer: To flush out Hamas terrorists &amp; effect reign change of Hamas 15 yr dictatorial control, freeing Isreal from constant terrorist attacks - like  slaughter with rockets, bombs, machete, beheading, guns, etc.",en,0,0,82560295,,"[{'domain': {'id': '29', 'name': 'Events [Entity Service]', 'description': 'Real world events. '}, 'entity': {'id': '1710867603760070656', 'name': 'Israel-Gaza Conflict'}}, {'domain': {'id': '131', 'name': 'Unified Twitter Taxonomy', 'description': 'A taxonomy of user interests. '}, 'entity': {'id': '847543836330958848', 'name': 'Global security & terrorism', 'description': 'Global conversation about threats of terrorism, response of governments, and national security  '}}, {'domain': {'id': '131', 'name': 'Unified Twitter Taxonomy', 'description': 'A taxonomy of user interests. '}, 'entity': {'id': '847878884917886977', 'name': 'Politics', 'description': 'Politics'}}, {'domain': {'id': '131', 'name': 'Unified Twitter Taxonomy', 'description': 'A taxonomy of user interests. '}, 'entity': {'id': '900740740468191232', 'name': 'Political issues', 'description': 'Political issues'}}, {'domain': {'id': '131', 'name': 'Unified Twitter Taxonomy', 'description': 'A taxonomy of user interests. '}, 'entity': {'id': '1046545033657081857', 'name': 'News', 'description': 'News'}}]",
